{"cameraMode":{"drawMode":0,"name":"Shaded","section":"Shading Mode"},"sceneLighting":true,"audioPlay":false,"sceneViewState":{"m_AlwaysRefresh":false,"showFog":true,"showSkybox":true,"showFlares":true,"showImageEffects":true,"showParticleSystems":true,"showVisualEffectGraphs":true,"m_FxEnabled":true},"in2DMode":false,"pivot":{"x":-20.48906707763672,"y":30.23233413696289,"z":9.463589668273926},"rotation":{"x":0.03836759924888611,"y":-0.03296997398138046,"z":0.001266429666429758,"w":0.9987226128578186},"size":52.91844177246094,"orthographic":true}