{"cameraMode":{"drawMode":0,"name":"Shaded","section":"Shading Mode"},"sceneLighting":true,"audioPlay":false,"sceneViewState":{"m_AlwaysRefresh":false,"showFog":true,"showSkybox":true,"showFlares":true,"showImageEffects":true,"showParticleSystems":true,"showVisualEffectGraphs":true,"m_FxEnabled":true},"in2DMode":false,"pivot":{"x":-14.837993621826172,"y":30.374231338500978,"z":10.208767890930176},"rotation":{"x":0.06677094101905823,"y":-0.047874338924884799,"z":0.0032073440961539747,"w":0.996614933013916},"size":52.91844177246094,"orthographic":true}