{"cameraMode":{"drawMode":0,"name":"Shaded","section":"Shading Mode"},"sceneLighting":false,"audioPlay":false,"sceneViewState":{"m_AlwaysRefresh":false,"showFog":true,"showSkybox":false,"showFlares":true,"showImageEffects":true,"showParticleSystems":true,"showVisualEffectGraphs":true,"m_FxEnabled":true},"in2DMode":false,"pivot":{"x":0.0000023543834686279298,"y":1.0407719612121583,"z":8.22043514251709},"rotation":{"x":0.12445629388093949,"y":-0.20327256619930268,"z":0.026058584451675416,"w":0.9708322882652283},"size":7.574316501617432,"orthographic":true}