{"cameraMode":{"drawMode":0,"name":"Shaded","section":"Shading Mode"},"sceneLighting":false,"audioPlay":false,"sceneViewState":{"m_AlwaysRefresh":false,"showFog":true,"showSkybox":false,"showFlares":true,"showImageEffects":true,"showParticleSystems":true,"showVisualEffectGraphs":true,"m_FxEnabled":true},"in2DMode":false,"pivot":{"x":11.456184387207032,"y":1.6212658882141114,"z":8.084449768066407},"rotation":{"x":0.03237775340676308,"y":-0.02997966855764389,"z":0.0009715967462398112,"w":0.9990259408950806},"size":8.31002426147461,"orthographic":true}